PERSON_ID,WAM,,ENG4701_ID,ENG4701_MARK,,ENG4701_WAM,ENG4701_DEPT,,ENG4702_ID,ENG4702_MARK,ENG4702_WAM,ENG4702_DEPT
28738713,92.967,,28744365,83,HD,73.852,CL_CHE,,31983162,76,74.129,CL_CHE
28795628,92.306,,27766918,83,HD,84.556,CL_CHE,,30048559,76,64.083,CL_CHE
29691249,90,,30421187,76,D,61.75,CL_CHE,,28478460,76,65.771,CL_CHE
30599806,89.98,,29419913,75,D,82.737,CL_CHE,,28478681,76,65.222,CL_CHE
29725399,89.61,,30519632,76,D,78.97,CL_CHE,,31983111,78,64.161,CL_CHE
28780841,89.039,,29707366,83,HD,73.75,CL_CHE,,31979033,78,73.613,CL_CHE
29676789,89.033,,29485479,55,WH,63.6,CL_CHE,,29160995,76,63.608,CL_CHE
30592437,88.667,,29682347,72,D,71.115,CL_CHE,,27537285,67,71.622,CL_CHE
29435978,88.545,,30880262,77,D,67.025,CL_CHE,,28129288,67,59.692,CL_CHE
29678730,88.42,,29696992,79,D,70.9,CL_CHE,,31573681,83,78.088,CL_CHE
30571057,88.396,,30880262,77,D,67.025,CL_CHE,,27722597,83,70.475,CL_CHE
29726816,88.16,,28281535,77,D,64.151,CL_CHE,,29298903,62,60.3,CL_CHE
28777212,87.969,,28747267,77,D,68.273,CL_CHE,,28133641,65,57.617,CL_CHE
29733235,87.883,,27722422,81,HD,59.966,CL_CHE,,29224098,83,68.093,CL_CHE
30222605,87.875,,28321146,79,D,67.098,CL_CHE,,28758854,86,67.347,CL_CHE
29672139,87.644,,30637481,85,HD,81.167,CL_CHE,,26903822,86,73.489,CL_CHE
30609844,87.531,,28742427,75,D,72.64,CL_CHE,,29665124,75,65.357,CL_ECE
30584485,87.3,,29673089,75,D,71.067,CL_CHE,,24212784,75,55.775,CL_ECE
29674840,87.049,,30318491,75,D,75.475,CL_CHE,,30159148,75,77.8,CL_ECE
28658671,87,,31158579,75,D,69.45,CL_CHE,,29758475,74,66.717,CL_ECE
29657830,86.619,,28649117,73,D,66.489,CL_CHE,,28762002,67,79.917,CL_ECE
29725593,86.569,,28759583,0,N,55.417,CL_CHE,,29698049,76,80.321,CL_ECE
29687675,86.4,,28249011,83,HD,83.328,CL_CHE,,27765709,87,79.702,CL_ECE
29706734,86.328,,29868416,32,WH,70.053,CL_CHE,,27994740,0,58.606,CL_ECE
30615550,86.327,,29666988,83,HD,81.085,CL_CHE,,29703735,81,74.618,CL_ECE
30633443,86.327,,29680743,82,HD,85.29,CL_CHE,,28970608,71,68.377,CL_ECE
30610532,86.286,,29701651,82,HD,70.714,CL_CHE,,28895355,80,71.406,CL_ECE
30354676,86.25,,28790812,61,C,65.383,CL_CHE,,28787706,63,58.226,CL_ECE
29693969,85.95,,29718600,73,D,75.982,CL_CHE,,29709598,0,,CL_ECE
30601622,85.75,,28765613,73,D,57.596,CL_CHE,,28882571,45,57.318,CL_MEC
30618177,85.75,,29670152,78,D,80.034,CL_CHE,,28783085,62,65.597,CL_MEC
30619785,85.653,,29645611,78,D,70.018,CL_CHE,,29678447,77,70.07,CL_MEC
30636108,85.458,,29262399,70,C,64.789,CL_CHE,,28746171,80,73.523,CL_MEC
29681359,85.333,,28989694,13,N,54.194,CL_CHE,,29170613,76,73.35,CL_MEC
29680743,85.29,,29672392,82,HD,71.617,CL_CHE,,29284597,74,80.5,CL_MEC
29704111,85.194,,29708273,84,HD,71.48,CL_CHE,,28769899,77,69.135,CL_MEC
29719364,84.738,,29686083,66,WH,67.912,CL_CHE,,28747771,77,72.286,CL_MEC
29706300,84.721,,29937019,78,D,74.064,CL_CHE,,27161471,45,59.642,CL_MEC
28939220,84.688,,28780841,84,HD,89.039,CL_CHE,,27561992,45,64.479,CL_MEC
27766918,84.556,,28770668,84,HD,71.246,CL_CHE,,30876621,80,79.563,CL_MEC
29687551,84.458,,29001811,77,D,77.774,CL_CHE,,30880335,80,83.75,CL_MEC
29679281,84.326,,29729378,77,D,75.87,CL_CHE,,27800466,68,74.235,CL_MEC
30646162,84.313,,30058805,76,D,75.34,CL_CHE,,28756908,68,64.557,CL_MEC
29686121,84.295,,27145069,29,N,50.089,CL_CHE,,27820262,78,65.586,CL_MEC
30619572,84.275,,29712637,77,WH,72.078,CL_CHE,,29716225,78,68.369,CL_MEC
29709601,84.27,,29670063,77,WH,67.643,CL_CHE,,29678064,68,83.143,CL_MEC
31932053,84.216,,29490278,83,HD,64.941,CL_CHE,,28756185,76,75.529,CL_MEC
28779363,84.016,,28748794,78,D,72.719,CL_CHE,,29697859,63,66.41,CL_MEC
30581192,83.913,,30630959,78,D,75.283,CL_CHE,,27347877,0,61.585,CL_MEC
29693462,83.833,,29629144,83,HD,70.833,CL_CHE,,29137268,73,67.098,CL_MEC
30629543,83.776,,28921933,83,HD,81.85,CL_CHE,,29788617,61,63.438,CL_MEC
28824520,83.722,,29435978,84,HD,88.545,CL_CHE,,28772016,96,91.35,CL_MEC
28796721,83.677,,29616867,75,D,65.043,CL_CIV,,29170656,62,68.333,CL_MEC
29724910,83.567,,29711207,80,HD,72.203,CL_CIV,,29725062,75,76.288,CL_MEC
29729076,83.443,,29685656,75,WH,73.769,CL_CIV,,27804852,77,66.391,CL_MEC
30508282,83.383,,30580056,77,D,75.563,CL_CIV,,28816757,74,67.646,CL_MEC
30551757,83.367,,29747171,74,D,63.26,CL_CIV,,28419847,0,72.173,CL_MEC
28249011,83.328,,29616352,76,D,74.406,CL_CIV,,29707749,78,74.698,CL_MEC
28797221,83.324,,29721814,73,D,70.453,CL_CIV,,29747147,66,70.049,CL_MEC
29618118,83.194,,30615135,78,D,80.978,CL_CIV,,31334334,60,62.625,CL_MEC
28786459,83.073,,28777700,32,WH,72.881,CL_CIV,,28789164,77,67.87,CL_MEC
30572770,83,,30578949,84,HD,80.421,CL_CIV,,29700515,80,77.596,CL_MEC
29713854,82.981,,29659000,76,D,69.05,CL_CIV,,28782941,80,73.645,CL_MEC
30602955,82.936,,30581192,82,HD,83.913,CL_CIV,,26919427,0,65.831,CL_MEC
30312779,82.917,,29662346,77,D,78.5,CL_CIV,,28331591,61,61.32,CL_MEC
29689104,82.847,,29618118,78,D,83.194,CL_CIV,,28339908,0,63.262,CL_MEC
30572053,82.837,,29707234,31,WH,67.293,CL_CIV,,28690303,62,65.923,CL_MEC
28789563,82.814,,29665337,82,HD,78.979,CL_CIV,,31977227,66,70.563,CL_MEC
29419913,82.737,,30604141,78,WH,71.923,CL_CIV,,31977804,68,66.813,CL_MEC
27793079,82.523,,29708591,78,WH,81.966,CL_CIV,,29609232,60,70.455,CL_MEC
29676479,82.431,,30599938,31,WH,74.757,CL_CIV,,26953633,75,72.613,CL_MEC
29693977,82.404,,29710472,68,C,66.51,CL_CIV,,27883183,77,80.509,CL_MEC
29708591,81.966,,28321383,71,D,72.636,CL_CIV,,29625491,67,64.444,CL_MEC
28921933,81.85,,29159962,81,HD,69.615,CL_CIV,,29769655,67,66.333,CL_MEC
29726468,81.81,,28388747,78,D,65.304,CL_CIV,,28723872,80,72.724,CL_MEC
30593638,81.762,,30312779,82,HD,82.917,CL_CIV,,27818845,0,60.139,CL_MEC
30614104,81.761,,29397510,63,C,59.136,CL_CIV,,29295726,81,88.759,CL_MEC
30591678,81.702,,28672674,67,WH,68.939,CL_CIV,,29720834,78,72.509,CL_MEC
29657512,81.611,,28891716,56,P,72.411,CL_CIV,,29607507,82,71.98,CL_MEC
29702011,81.475,,29659876,83,HD,65.151,CL_CIV,,28895401,67,75.944,CL_MEC
29712084,81.433,,29602858,84,HD,79.833,CL_CIV,,27837408,60,79.087,CL_MEC
29616395,81.389,,30508819,82,HD,76.458,CL_CIV,,27793583,81,84.774,CL_MEC
30621194,81.362,,29684846,84,HD,78.679,CL_CIV,,28800753,0,82.045,CL_MEC
29680220,81.246,,29674212,67,C,78.822,CL_CIV,,29628407,65,65.724,CL_MEC
30637481,81.167,,29474329,70,C,74.711,CL_CIV,,29042089,0,,CL_MEC
30645611,81.146,,29688337,76,D,67.143,CL_CIV,,28741552,72,66.986,CL_MEC
30629179,81.102,,30508282,80,HD,83.383,CL_CIV,,31977340,80,78.938,CL_MEC
29666988,81.085,,27810518,75,D,58.096,CL_CIV,,29388724,72,61,CL_MEC
28798767,81.055,,29687691,67,C,73.396,CL_CIV,,27818152,51,54.583,CL_MEC
30629004,81.05,,30352746,70,C,65.681,CL_CIV,,26545551,30,52.559,CL_MEC
30615135,80.978,,29673917,85,HD,79.759,CL_CIV,,30657962,81,76.622,CL_MEC
29686350,80.881,,29981972,80,HD,74.079,CL_CIV,,29927218,83,73.981,CL_MEC
29849438,80.857,,28783204,78,D,56.537,CL_CIV,,28791916,58,74.176,CL_MEC
29687985,80.806,,30566959,78,D,74.417,CL_CIV,,27795551,66,70.824,CL_MEC
29710278,80.806,,29923433,80,D,73.385,CL_CIV,,28747844,62,66.603,CL_MEC
28795695,80.77,,29680115,74,D,70.982,CL_CIV,,28770706,70,65.177,CL_MEC
30587484,80.755,,30615038,86,WH,76.457,CL_CIV,,25940317,76,58.092,CL_MEC
30644372,80.742,,29402638,76,D,76.308,CL_CIV,,29701120,89,90.821,CL_MEC
29708648,80.738,,28316932,74,D,58.875,CL_CIV,,26887231,73,79.296,CL_MEC
28792017,80.645,,29684781,81,HD,66.313,CL_CIV,,29917948,58,69.614,CL_MEC
29689171,80.63,,29676304,81,HD,73.467,CL_CIV,,29067154,70,67.326,CL_MEC
28805496,80.545,,29727871,78,D,71.414,CL_CIV,,27900665,0,46.058,CL_MEC
28792882,80.528,,29720095,78,D,77.667,CL_CIV,,29200598,58,73.75,CL_MEC
30584868,80.479,,29724589,71,D,64.913,CL_CIV,,29709881,0,,CL_MEC
29823048,80.476,,29706556,71,D,68.491,CL_CIV,,25157841,0,,CL_MEC
30578949,80.421,,29682061,30,N,74.194,CL_CIV,,28707087,0,,CL_MEC
29748623,80.397,,29667844,30,N,63.673,CL_CIV,,28866584,0,,CL_MEC
29681103,80.265,,29705088,75,D,73.417,CL_CIV,,28758005,0,,CL_MEC
30618452,80.163,,30568331,75,D,76.5,CL_CIV,,29889375,70,65.6,MA_CHE
30570778,80.143,,26629925,68,C,58.143,CL_CIV,,28328345,70,63.829,MA_CHE
29706629,80.097,,27825299,76,D,72.086,CL_CIV,,28389719,64,61.103,MA_CHE
29514800,80.075,,30595312,33,N,67.553,CL_CIV,,30526337,76,77.408,MA_CHE
29670152,80.034,,28761030,85,HD,77.219,CL_CIV,,30236703,73,74.7,MA_CHE
27793494,79.985,,29109450,66,C,52.255,CL_CIV,,29273587,77,70.983,MA_CHE
30642906,79.958,,30609402,82,HD,72.025,CL_CIV,,29797160,73,76.2,MA_CHE
29603064,79.857,,29659884,77,D,78.941,CL_CIV,,29894859,83,74.017,MA_CHE
29602858,79.833,,29704812,76,D,79.22,CL_CIV,,29938325,70,71.021,MA_CHE
30563097,79.762,,28805070,85,HD,63.406,CL_CIV,,29591619,71,62.803,MA_CHE
29673917,79.759,,28800311,76,D,69.389,CL_CIV,,29273870,72,74.569,MA_CHE
29741149,79.633,,27826473,75,D,54.574,CL_CIV,,29938554,73,79.091,MA_CHE
30631874,79.513,,29689627,81,HD,69.3,CL_CIV,,29796520,66,70.306,MA_CHE
30626072,79.486,,29701147,80,D,76.827,CL_CIV,,29275849,80,72.415,MA_CHE
29691818,79.462,,30567599,70,D,71.255,CL_CIV,,29264057,74,65.302,MA_CHE
30595711,79.391,,27771903,28,N,72.774,CL_CIV,,28062132,76,67.492,MA_CHE
30584728,79.38,,29688868,80,HD,60.117,CL_CIV,,30258669,78,70.965,MA_CHE
29715814,79.291,,29732794,78,D,74.628,CL_CIV,,28436741,68,63.246,MA_CHE
29717825,79.254,,28787064,80,HD,66,CL_CIV,,30233224,78,74.826,MA_CHE
28761294,79.242,,28760921,72,D,62.485,CL_CIV,,29275040,0,75.5,MA_CHE
29704812,79.22,,28801369,75,D,73.472,CL_CIV,,30307759,71,74.35,MA_CHE
30630398,79.188,,29658179,78,D,78.017,CL_CIV,,30219957,71,72.879,MA_CHE
28765249,79.149,,29695287,73,D,70.788,CL_CIV,,30769132,70,73.65,MA_CHE
29439949,79.077,,28764889,68,C,67,CL_CIV,,30547857,68,71.306,MA_CHE
28508947,79.067,,29675030,76,D,70.226,CL_CIV,,30526388,71,77.653,MA_CHE
29680948,79.065,,29700817,64,C,67.295,CL_CIV,,29939275,81,73.796,MA_CHE
29682452,79.043,,29716543,80,HD,72.491,CL_CIV,,29878209,80,71.017,MA_CHE
30506239,79,,30083958,75,D,69.051,CL_CIV,,29951062,80,78.146,MA_CHE
30585074,79,,29986907,68,C,66.75,CL_CIV,,29939593,74,80.857,MA_CHE
29665337,78.979,,27947297,72,D,66.435,CL_CIV,,30096448,78,78.914,MA_CHE
30519632,78.97,,28894162,82,HD,63.5,CL_CIV,,30276845,80,83.138,MA_CHE
29687519,78.95,,28768833,81,HD,68.69,CL_CIV,,30238714,77,74.931,MA_CHE
29711606,78.949,,28939875,64,C,54.359,CL_CIV,,29939739,78,75.833,MA_CHE
29659884,78.941,,29772095,71,D,66.111,CL_CIV,,29956617,76,69.436,MA_CHE
29708133,78.933,,30621194,75,D,81.362,CL_CIV,,29274214,76,72.509,MA_CHE
29645859,78.932,,30608651,37,N,62.432,CL_CIV,,29989698,75,69.787,MA_CHE
29697271,78.915,,27850757,76,D,69.731,CL_CIV,,30239915,77,74.96,MA_CHE
26896982,78.909,,29679214,76,D,71.646,CL_CIV,,29799996,76,77.636,MA_CHE
29806224,78.86,,31975410,80,HD,72.5,CL_CIV,,29815584,75,78.828,MA_CHE
30654807,78.851,,28322576,63,C,58.075,CL_CIV,,29998506,70,69.538,MA_CHE
28753984,78.836,,29695627,73,D,68.034,CL_CIV,,29275512,72,69.288,MA_CHE
29674212,78.822,,28717201,75,D,60.769,CL_CIV,,29799775,70,74.771,MA_CHE
28780817,78.792,,29484421,68,C,62.804,CL_CIV,,30698251,77,76.18,MA_CHE
29717264,78.758,,29680948,77,D,79.065,CL_CIV,,30304385,77,79.603,MA_CHE
28756053,78.729,,29760976,28,N,58.583,CL_CIV,,30368715,71,73.5,MA_CHE
29684846,78.679,,28764048,86,HD,77.763,CL_CIV,,29912482,72,72.16,MA_CHE
30623448,78.521,,29706734,86,HD,86.328,CL_CIV,,29250749,67,64.872,MA_CHE
29662346,78.5,,28754387,86,HD,70.455,CL_CIV,,30304393,72,72.648,MA_CHE
29711274,78.491,,30222354,85,HD,66.25,CL_CIV,,29797500,80,71.3,MA_CHE
28752759,78.475,,29347599,85,HD,70.544,CL_CIV,,29940583,71,70.939,MA_CHE
29617952,78.471,,30571901,76,D,64.722,CL_CIV,,29800307,78,76.18,MA_CHE
29726522,78.469,,29965217,80,HD,74.745,CL_CIV,,30242339,76,77,MA_CHE
29663385,78.442,,27760758,80,HD,65.968,CL_CIV,,30524164,80,76.6,MA_CHE
29687977,78.439,,30005388,74,D,70.871,CL_CIV,,30065283,70,70.889,MA_CHE
29718457,78.429,,28794842,31,N,68.133,CL_CIV,,30524172,66,69.14,MA_CHE
29807395,78.386,,28789989,78,D,77.917,CL_CIV,,29800498,70,66.87,MA_CHE
28677528,78.326,,29737354,82,HD,73.433,CL_CIV,,30292956,75,69.74,MA_CHE
29730155,78.306,,29701503,73,D,63.724,CL_CIV,,30376181,80,78.32,MA_CHE
29731046,78.304,,29615550,77,D,70.286,CL_CIV,,29823765,68,61.339,MA_CHE
30641993,78.3,,29984491,73,D,70.333,CL_CIV,,30080665,0,64.529,MA_CHE
29681812,78.27,,30564913,78,D,73.681,CL_CIV,,29273846,72,78.931,MA_CHE
30635802,78.267,,28794907,87,HD,72.508,CL_CIV,,30230527,66,66.909,MA_CHE
29744245,78.194,,28798767,87,HD,81.055,CL_CIV,,30233437,80,81.58,MA_CHE
29737710,78.182,,28806875,87,HD,74.583,CL_CIV,,30554187,73,75.02,MA_CHE
30619769,78.179,,30859999,87,HD,75.75,CL_CIV,,30516277,80,72.049,MA_CHE
30622670,78.174,,28759869,87,HD,66.656,CL_CIV,,29941547,75,74.771,MA_CHE
30581028,78.167,,29544408,72,D,66.979,CL_CIV,,30219477,80,73.609,MA_CHE
29715334,78.022,,29657431,75,D,72.519,CL_CIV,,30103029,82,74.48,MA_CHE
29658179,78.017,,29015804,76,D,62.019,CL_CIV,,29867797,74,68.158,MA_CHE
29708214,77.962,,29715334,81,HD,78.022,CL_CIV,,29276497,76,81.138,MA_CHE
28801725,77.923,,29340306,81,HD,67.167,CL_CIV,,29612969,52,59.922,MA_CHE
28760387,77.92,,29687985,30,N,80.806,CL_CIV,,28325842,76,68.211,MA_CHE
28789989,77.917,,29690730,74,D,65.345,CL_CIV,,27461688,0,54.38,MA_CHE
28802926,77.828,,29707250,72,D,67.745,CL_CIV,,29444004,0,60.02,MA_CHE
29001811,77.774,,30642736,61,C,69.031,CL_CIV,,29894220,0,60.5,MA_CHE
28764048,77.763,,30647479,73,D,71,CL_CIV,,30133556,77,72.897,MA_MEC
29720095,77.667,,29494699,80,HD,73.7,CL_CIV,,29047897,73,64.162,MA_MEC
26949911,77.657,,28765362,77,D,62.343,CL_CIV,,28372514,74,58.465,MA_MEC
29688590,77.6,,29717213,76,D,69.452,CL_CIV,,29544726,74,64.315,MA_MEC
28747208,77.552,,30635624,78,D,66.641,CL_CIV,,29389704,73,63.638,MA_MEC
28799216,77.547,,29681235,74,D,69.865,CL_CIV,,29610125,77,77.017,MA_MEC
29662214,77.447,,30568269,82,HD,75.848,CL_CIV,,28327322,77,60.544,MA_MEC
28847504,77.421,,30631661,81,HD,75.676,CL_CIV,,25873105,68,61.459,MA_MEC
28761030,77.219,,29693969,78,D,85.95,CL_CIV,,30219469,77,79.431,MA_MEC
29718562,77.094,,29697867,81,HD,75.63,CL_CIV,,29491452,0,57.818,MA_MEC
30584736,77.043,,29697271,81,HD,78.915,CL_CIV,,30199891,77,77.397,MA_MEC
29737435,77.029,,30712688,82,HD,74.049,CL_CIV,,30755344,74,69.51,MA_MEC
29723817,76.966,,27591972,57,P,63.077,CL_CIV,,29810914,75,71.259,MA_MEC
29741564,76.933,,29681103,83,HD,80.265,CL_CIV,,29655048,0,64.34,MA_MEC
29705614,76.885,,28761588,83,HD,63.657,CL_CIV,,29491622,0,60.96,MA_MEC
29042356,76.868,,30551757,83,HD,83.367,CL_CIV,,29275660,80,79.93,MA_MEC
28788133,76.855,,31570968,81,HD,70.158,CL_CIV,,30236843,72,72.776,MA_MEC
29701147,76.827,,29970849,81,HD,67.839,CL_CIV,,30061636,84,79.655,MA_MEC
28753410,76.737,,29677807,81,HD,61.125,CL_CIV,,29274818,83,78.228,MA_MEC
29690722,76.712,,29729653,81,HD,72.667,CL_CIV,,29273781,77,81.474,MA_MEC
29674999,76.583,,28794117,81,HD,57.088,CL_CIV,,29145163,80,78.655,MA_MEC
29708087,76.565,,26905507,81,HD,62.17,CL_CIV,,30128161,80,77.121,MA_MEC
30568331,76.5,,29495326,82,HD,75.359,CL_CIV,,30219493,78,78.172,MA_MEC
30584159,76.469,,29495172,82,HD,74.702,CL_CIV,,30092450,67,61.571,MA_MEC
28574850,76.46,,29068606,68,C,63.8,CL_CIV,,29274486,80,74.786,MA_MEC
30508819,76.458,,29695473,80,D,75.685,CL_CIV,,30030331,68,69.414,MA_MEC
30615038,76.457,,30629179,84,HD,81.102,CL_CIV,,28134273,0,60.583,MA_MEC
29677289,76.358,,28263669,74,D,54.116,CL_CIV,,30428831,82,67.977,MA_MEC
29806240,76.333,,29797446,74,D,74.875,CL_CIV,,29428076,80,71.161,MA_MEC
28677218,76.328,,31874630,76,D,63.25,CL_CIV,,29931886,76,77.966,MA_MEC
29699967,76.317,,30589614,81,HD,72.513,CL_CIV,,30051207,78,82.621,MA_MEC
29402638,76.308,,28993357,35,N,55.278,CL_CIV,,30099412,78,76.948,MA_MEC
29664802,76.25,,29713935,33,N,65.865,CL_CIV,,28099974,0,63.91,MA_MEC
30647835,76.231,,28611853,28,N,60.66,CL_CIV,,28025504,74,68.083,MA_MEC
29723906,76.145,,30612756,71,D,72.245,CL_CIV,,30221722,70,75.793,MA_TRC
30519667,76.128,,27393348,68,C,71.053,CL_CIV,,30107105,78,81.517,MA_TRC
29657172,76.1,,29696216,74,D,72.569,CL_CIV,,29382289,70,65.679,MA_TRC
29698170,76.051,,29561280,68,C,58.755,CL_CIV,,30031990,75,81.345,MA_TRC
30615267,76,,29696542,63,C,70.191,CL_CIV,,30071739,71,75.052,MA_TRC
29718600,75.982,,29756146,36,WH,75.397,CL_CIV,,29977924,68,72.06,MA_TRC
29729378,75.87,,28431464,67,C,63.778,CL_CIV,,29274206,75,71.418,MA_TRC
29614295,75.857,,30354676,86,HD,86.25,CL_CIV,,30136121,67,66.722,MA_TRC
30568269,75.848,,29690447,80,HD,73,CL_CIV,,30157560,74,78.16,MA_TRC
29694655,75.839,,29708214,81,HD,77.962,CL_CIV,,29543215,68,77.431,MA_TRC
30519691,75.762,,26930390,81,HD,62.947,CL_CIV,,28326237,73,61.262,MA_TRC
30859999,75.75,,29901014,80,D,68.342,CL_CIV,,29274605,75,78.158,MA_TRC
29695473,75.685,,29751063,80,D,67.443,CL_CIV,,30114063,78,71.19,MA_TRC
30631661,75.676,,30636248,80,D,72.229,CL_CIV,,29274761,77,71.86,MA_TRC
27809609,75.643,,28789563,78,D,82.814,CL_CIV,,30067294,82,85.862,MA_TRC
29697867,75.63,,27793494,79,D,79.985,CL_CIV,,29274885,75,68.709,MA_TRC
27771571,75.585,,27797619,79,D,59.783,CL_CIV,,29921414,72,72.5,MA_TRC
28794354,75.565,,29724732,84,HD,71.286,CL_CIV,,29619246,71,76.5,MA_TRC
30580056,75.563,,29806224,84,HD,78.86,CL_CIV,,29981484,78,84.776,MA_TRC
29617685,75.542,,29614295,77,D,75.857,CL_CIV,,29275261,81,80.259,MA_TRC
30318491,75.475,,29204798,77,D,69.9,CL_CIV,,28902300,0,59.286,MA_TRC
28779290,75.426,,28745140,69,C,70.435,CL_CIV,,29558603,62,72.915,MA_TRC
29756146,75.397,,29683246,81,HD,68.75,CL_CIV,,30032032,82,81.121,MA_TRC
29495326,75.359,,30632404,73,D,64.795,CL_CIV,,30125944,84,90.534,MA_TRC
30058805,75.34,,30603153,79,D,72.038,CL_CIV,,29276152,77,74.138,MA_TRC
29728045,75.339,,29427193,72,D,61.563,CL_CIV,,28413229,70,60.52,MA_TRC
30630959,75.283,,27829901,76,D,61.286,CL_CIV,,30109531,76,77.828,MA_TRC
28755960,75.283,,29724910,84,HD,83.567,CL_CIV,,30222400,78,78.724,MA_TRC
29667259,75.131,,29077141,68,WH,62.92,CL_CIV,,29276454,70,74.241,MA_TRC
28574885,75.082,,30625505,72,WH,58.718,CL_CIV,,29488141,77,65.031,MA_TRC
28778634,75.015,,29676789,90,HD,89.033,CL_CIV,,29982618,77,69.283,MA_TRC
29738245,74.918,,27850129,47,WH,70.25,CL_CIV,,29038537,62,70.672,MA_TRC
30519659,74.917,,30506239,77,D,79,CL_CIV,,29737095,0,,0
30519624,74.895,,30525063,77,D,72.844,CL_CIV,,29336244,75,70,MA_CHE
29797446,74.875,,30525160,76,D,70.583,CL_CIV,,,,,
28745477,74.82,,29682452,87,HD,79.043,CL_CIV,,,,,
28801938,74.811,,29711606,84,HD,78.949,CL_CIV,,,,,
29745470,74.765,,29716985,84,HD,74.604,CL_CIV,,,,,
30599938,74.757,,30601622,84,HD,85.75,CL_CIV,,,,,
27791939,74.746,,29712300,84,HD,71.86,CL_CIV,,,,,
29965217,74.745,,30645611,82,HD,81.146,CL_CIV,,,,,
29666147,74.724,,28801938,83,HD,74.811,CL_CIV,,,,,
29474329,74.711,,29662214,83,HD,77.447,CL_CIV,,,,,
29495172,74.702,,28792726,85,HD,69.406,CL_CIV,,,,,
29732794,74.628,,30641993,81,HD,78.3,CL_CIV,,,,,
29675103,74.605,,26774771,34,N,65.308,CL_CIV,,,,,
29716985,74.604,,29718015,82,HD,65.884,CL_CIV,,,,,
28806875,74.583,,30605032,81,HD,66.923,CL_CIV,,,,,
29680050,74.551,,28574885,78,D,75.082,CL_CIV,,,,,
29687780,74.5,,29439949,80,D,79.077,CL_CIV,,,,,
29738164,74.484,,29738164,80,HD,74.484,CL_CIV,,,,,
27841979,74.469,,26929880,82,HD,65.597,CL_CIV,,,,,
28299345,74.444,,30063493,82,HD,63.645,CL_CIV,,,,,
30565065,74.429,,28766695,82,HD,71.629,CL_CIV,,,,,
30566959,74.417,,29708133,82,HD,78.933,CL_CIV,,,,,
29616352,74.406,,29849438,83,HD,80.857,CL_CIV,,,,,
30571790,74.3,,30717760,83,HD,68.763,CL_CIV,,,,,
30294126,74.286,,29715091,83,HD,71.61,CL_CIV,,,,,
30626684,74.267,,29806240,83,HD,76.333,CL_CIV,,,,,
29698928,74.267,,28682297,78,D,61.744,CL_CIV,,,,,
26864819,74.226,,27765725,80,D,67.8,CL_CIV,,,,,
30617855,74.225,,28892666,80,D,72.069,CL_CIV,,,,,
29682061,74.194,,29728045,74,D,75.339,CL_CIV,,,,,
29693993,74.186,,28795695,74,D,80.77,CL_CIV,,,,,
29709989,74.158,,29728703,74,D,73.5,CL_CIV,,,,,
29683777,74.14,,29723906,74,D,76.145,CL_CIV,,,,,
29715970,74.1,,29409071,72,D,62.094,CL_CIV,,,,,
29981972,74.079,,30509963,78,D,71.923,CL_CIV,,,,,
29937019,74.064,,28847504,28,N,77.421,CL_CIV,,,,,
27199894,74.06,,29002842,77,D,66.75,CL_CIV,,,,,
30712688,74.049,,29930049,72,D,70.5,CL_CIV,,,,,
28786297,73.984,,30581648,73,D,69.896,CL_CIV,,,,,
28803639,73.954,,28741269,78,D,69.587,CL_CIV,,,,,
29860113,73.933,,29666082,73,D,70.298,CL_CIV,,,,,
29736935,73.918,,29663385,82,HD,78.442,CL_CIV,,,,,
28803159,73.896,,29657512,82,HD,81.611,CL_CIV,,,,,
30563925,73.896,,30134773,73,D,67.958,CL_CIV,,,,,
30645441,73.88,,30572770,75,D,83,CL_CIV,,,,,
28744365,73.852,,29681812,78,D,78.27,CL_CIV,,,,,
29675359,73.818,,30511712,68,C,65.706,CL_CIV,,,,,
29685656,73.769,,30584736,78,WH,77.043,CL_CIV,,,,,
29707366,73.75,,31976085,31,WH,65.714,CL_CIV,,,,,
29689600,73.72,,29465915,51,P,56.167,CL_CIV,,,,,
29494699,73.7,,28296435,68,C,59.16,CL_CIV,,,,,
30618886,73.688,,28692764,28,WH,55.727,CL_CIV,,,,,
30564913,73.681,,29783100,72,D,68.625,CL_CIV,,,,,
29711517,73.65,,29702011,84,HD,81.475,CL_ECE,,,,,
29665760,73.639,,30212707,75,D,70.88,CL_ECE,,,,,
28820517,73.623,,30570778,78,D,80.143,CL_ECE,,,,,
28816765,73.6,,29717825,81,HD,79.254,CL_ECE,,,,,
28744012,73.593,,29726468,81,HD,81.81,CL_ECE,,,,,
28781392,73.556,,29744059,77,D,68.967,CL_ECE,,,,,
30658896,73.547,,28793366,80,HD,69.929,CL_ECE,,,,,
29721962,73.517,,28785681,84,HD,72.477,CL_ECE,,,,,
29728703,73.5,,29727588,61,C,70.448,CL_ECE,,,,,
28801369,73.472,,29693977,84,HD,82.404,CL_ECE,,,,,
30584353,73.467,,29616395,76,D,81.389,CL_ECE,,,,,
29676304,73.467,,26896982,61,C,78.909,CL_ECE,,,,,
29688272,73.464,,29687780,87,HD,74.5,CL_ECE,,,,,
29737354,73.433,,29688590,84,HD,77.6,CL_ECE,,,,,
29705088,73.417,,27809609,77,D,75.643,CL_ECE,,,,,
29687691,73.396,,29698928,84,HD,74.267,CL_ECE,,,,,
29923433,73.385,,30584728,78,D,79.38,CL_ECE,,,,,
28815025,73.193,,29803675,78,D,68.791,CL_ECE,,,,,
29731054,73.048,,30647835,75,D,76.231,CL_ECE,,,,,
28748123,73.029,,28805461,71,D,61.493,CL_ECE,,,,,
29690447,73,,29710278,80,D,80.806,CL_ECE,,,,,
29734819,72.905,,30614686,84,HD,69.676,CL_ECE,,,,,
28777700,72.881,,28767322,84,HD,58.068,CL_ECE,,,,,
30525063,72.844,,29705614,84,HD,76.885,CL_ECE,,,,,
32186754,72.84,,29713854,84,HD,82.981,CL_ECE,,,,,
29689945,72.84,,29673100,73,WH,69.721,CL_ECE,,,,,
30510368,72.833,,29146895,73,WH,60.972,CL_ECE,,,,,
30509955,72.818,,29438330,63,C,63.463,CL_ECE,,,,,
27771903,72.774,,28824520,81,HD,83.722,CL_ECE,,,,,
28748794,72.719,,28677528,36,WH,78.326,CL_ECE,,,,,
29729653,72.667,,30563097,80,D,79.762,CL_ECE,,,,,
28742427,72.64,,30626684,80,D,74.267,CL_ECE,,,,,
28321383,72.636,,29677289,80,HD,76.358,CL_ECE,,,,,
27771458,72.585,,27771458,85,HD,72.585,CL_ECE,,,,,
29696216,72.569,,26864819,68,C,74.226,CL_ECE,,,,,
29657431,72.519,,29711444,80,HD,71.024,CL_ECE,,,,,
30589614,72.513,,30618177,83,HD,85.75,CL_ECE,,,,,
28794907,72.508,,30654807,83,HD,78.851,CL_ECE,,,,,
31975410,72.5,,30222605,83,HD,87.875,CL_ECE,,,,,
28788052,72.5,,27439887,78,D,71.73,CL_ECE,,,,,
29716543,72.491,,28799216,77,D,77.547,CL_ECE,,,,,
28785681,72.477,,28803159,80,D,73.896,CL_ECE,,,,,
29718201,72.464,,29691249,82,HD,90,CL_ECE,,,,,
28891716,72.411,,28797221,78,D,83.324,CL_ECE,,,,,
29172810,72.395,,27771571,82,HD,75.585,CL_ECE,,,,,
29641268,72.375,,29733235,88,WH,87.883,CL_ECE,,,,,
28781821,72.353,,28786459,78,D,83.073,CL_ECE,,,,,
30612756,72.245,,27793079,78,D,82.523,CL_ECE,,,,,
30636248,72.229,,29696569,80,D,70.823,CL_ECE,,,,,
29711207,72.203,,29617952,78,D,78.471,CL_ECE,,,,,
29681626,72.2,,26883562,75,D,64.929,CL_ECE,,,,,
29645085,72.19,,29603064,85,HD,79.857,CL_ECE,,,,,
29677475,72.155,,30769221,85,HD,57.75,CL_ECE,,,,,
29452996,72.107,,29645085,85,HD,72.19,CL_ECE,,,,,
27825299,72.086,,28781821,85,HD,72.353,CL_ECE,,,,,
29712637,72.078,,28808223,81,HD,61.78,CL_ECE,,,,,
28892666,72.069,,28739051,81,HD,66.024,CL_ECE,,,,,
30519683,72.054,,28786297,81,HD,73.984,CL_ECE,,,,,
30574021,72.051,,29730155,83,HD,78.306,CL_ECE,,,,,
30603153,72.038,,28574850,83,HD,76.46,CL_ECE,,,,,
29695171,72.03,,29667259,83,HD,75.131,CL_ECE,,,,,
30609402,72.025,,29545803,78,D,66.452,CL_ECE,,,,,
30584213,72,,29641268,78,D,72.375,CL_ECE,,,,,
29658357,72,,29725399,81,HD,89.61,CL_ECE,,,,,
30604141,71.923,,30533872,77,D,66.55,CL_ECE,,,,,
30509963,71.923,,30633443,84,HD,86.327,CL_ECE,,,,,
29712300,71.86,,30642906,83,HD,79.958,CL_ECE,,,,,
30625645,71.853,,30510368,70,D,72.833,CL_ECE,,,,,
25194321,71.818,,29710634,76,D,71.808,CL_ECE,,,,,
29710634,71.808,,30584353,81,HD,73.467,CL_ECE,,,,,
27439887,71.73,,28744012,83,HD,73.593,CL_ECE,,,,,
29679214,71.646,,28742648,43,N,69.896,CL_ECE,,,,,
28766695,71.629,,30599806,90,HD,89.98,CL_ECE,,,,,
29672392,71.617,,29691818,80,D,79.462,CL_ECE,,,,,
29715091,71.61,,12175102,80,D,71.065,CL_ECE,,,,,
28531361,71.587,,28833422,68,C,70.794,CL_ECE,,,,,
29708273,71.48,,30580897,65,C,69.553,CL_ECE,,,,,
29727871,71.414,,29741149,83,HD,79.633,CL_ECE,,,,,
29687632,71.365,,29725593,86,HD,86.569,CL_ECE,,,,,
30069548,71.355,,30158427,73,D,67.212,CL_ECE,,,,,
29724732,71.286,,29711517,83,HD,73.65,CL_ECE,,,,,
30567599,71.255,,28782658,81,HD,67.229,CL_ECE,,,,,
28770668,71.246,,28765249,81,HD,79.149,CL_ECE,,,,,
28798198,71.208,,29686121,83,HD,84.295,CL_ECE,,,,,
30616549,71.205,,29677475,83,HD,72.155,CL_ECE,,,,,
29682347,71.115,,30615550,81,HD,86.327,CL_ECE,,,,,
29673089,71.067,,29702372,77,D,63.214,CL_ECE,,,,,
12175102,71.065,,28779363,85,HD,84.016,CL_ECE,,,,,
27393348,71.053,,27820610,78,D,65.419,CL_ECE,,,,,
29719151,71.039,,29645859,75,WH,78.932,CL_ECE,,,,,
29711444,71.024,,29713129,78,D,68.648,CL_ECE,,,,,
30519675,71,,29736935,84,HD,73.918,CL_ECE,,,,,
30647479,71,,30481791,34,WH,59.757,CL_ECE,,,,,
29680115,70.982,,30565065,82,HD,74.429,CL_ECE,,,,,
29696992,70.9,,29704111,77,D,85.194,CL_ECE,,,,,
30212707,70.88,,29694655,77,D,75.839,CL_ECE,,,,,
30005388,70.871,,30636108,74,D,85.458,CL_ECE,,,,,
29629144,70.833,,28051246,74,D,54.654,CL_ECE,,,,,
29696569,70.823,,29719151,80,HD,71.039,CL_ECE,,,,,
28833422,70.794,,28770757,80,HD,67.269,CL_ECE,,,,,
29695287,70.788,,29674840,83,HD,87.049,CL_ECE,,,,,
24157198,70.781,,29415357,83,HD,70.379,CL_ECE,,,,,
29701651,70.714,,29567289,83,HD,65.667,CL_ECE,,,,,
30525160,70.583,,30610532,74,D,86.286,CL_ECE,,,,,
29696291,70.545,,29683777,74,D,74.14,CL_ECE,,,,,
29347599,70.544,,29680565,74,D,66.6,CL_ECE,,,,,
29930049,70.5,,28756053,74,D,78.729,CL_ECE,,,,,
28754387,70.455,,29689600,83,HD,73.72,CL_ECE,,,,,
29721814,70.453,,29715970,80,HD,74.1,CL_ECE,,,,,
29727588,70.448,,28658671,84,HD,87,CL_ECE,,,,,
28745140,70.435,,29687977,85,HD,78.439,CL_ECE,,,,,
29415357,70.379,,30584213,75,D,72,CL_ECE,,,,,
29984491,70.333,,28950887,75,D,69.167,CL_ECE,,,,,
29666082,70.298,,27199894,75,D,74.06,CL_ECE,,,,,
29615550,70.286,,28900200,67,C,58.574,CL_ECE,,,,,
27850129,70.25,,30595711,80,HD,79.391,CL_ECE,,,,,
29675030,70.226,,29723817,80,HD,76.966,CL_ECE,,,,,
29696542,70.191,,30591678,85,HD,81.702,CL_ECE,,,,,
31570968,70.158,,29745470,85,HD,74.765,CL_ECE,,,,,
29699088,70.083,,27801160,87,WH,64.156,CL_ECE,,,,,
29868416,70.053,,29675103,87,HD,74.605,CL_ECE,,,,,
29645611,70.018,,29672139,85,HD,87.644,CL_ECE,,,,,
30614775,69.977,,30630398,82,HD,79.188,CL_ECE,,,,,
28793366,69.929,,30584485,82,HD,87.3,CL_ECE,,,,,
29204798,69.9,,29731054,81,HD,73.048,CL_ECE,,,,,
28742648,69.896,,29657830,81,HD,86.619,CL_ECE,,,,,
30581648,69.896,,29708648,71,D,80.738,CL_ECE,,,,,
30595320,69.886,,28508947,85,HD,79.067,CL_ECE,,,,,
29681235,69.865,,29664802,85,HD,76.25,CL_ECE,,,,,
27850757,69.731,,29617685,73,D,75.542,CL_ECE,,,,,
29483697,69.727,,26007436,72,D,59.587,CL_ECE,,,,,
29673100,69.721,,27876268,31,N,64.912,CL_ECE,,,,,
30614686,69.676,,29689945,48,N,72.84,CL_ECE,,,,,
29159962,69.615,,25194321,82,HD,71.818,CL_ECE,,,,,
28741269,69.587,,29689104,78,D,82.847,CL_MAT,,,,,
30580897,69.553,,29737435,74,D,77.029,CL_MAT,,,,,
29717213,69.452,,28746961,64,C,68.438,CL_MAT,,,,,
31158579,69.45,,30581028,82,HD,78.167,CL_MAT,,,,,
29701228,69.431,,27851664,75,D,65.362,CL_MAT,,,,,
28792726,69.406,,30571790,74,D,74.3,CL_MAT,,,,,
28800311,69.389,,31977111,71,D,66.364,CL_MAT,,,,,
29689627,69.3,,28756983,73,D,61.059,CL_MAT,,,,,
29738814,69.289,,28939220,85,HD,84.688,CL_MAT,,,,,
28950887,69.167,,28866959,73,D,66.44,CL_MAT,,,,,
29046319,69.068,,30225329,73,D,68.426,CL_MAT,,,,,
30083958,69.051,,30519683,68,C,72.054,CL_MAT,,,,,
29659000,69.05,,28628179,80,D,68.214,CL_MAT,,,,,
30642736,69.031,,28803639,35,N,73.954,CL_MAT,,,,,
29744059,68.967,,29674999,80,HD,76.583,CL_MAT,,,,,
30636469,68.959,,29693462,78,D,83.833,CL_MAT,,,,,
29683491,68.951,,29329671,81,WH,67.5,CL_MAT,,,,,
28672674,68.939,,31975968,81,HD,63,CL_MAT,,,,,
29689201,68.917,,27834654,0,N,58.149,CL_MAT,,,,,
29803675,68.791,,29687519,81,HD,78.95,CL_MAT,,,,,
30717760,68.763,,29483697,78,D,69.727,CL_MAT,,,,,
29683246,68.75,,29734819,83,HD,72.905,CL_MAT,,,,,
28768833,68.69,,29717264,83,HD,78.758,CL_MAT,,,,,
29690757,68.688,,29657172,81,HD,76.1,CL_MAT,,,,,
29713129,68.648,,29738245,84,HD,74.918,CL_MAT,,,,,
29783100,68.625,,27810674,78,D,67.103,CL_MAT,,,,,
30591635,68.551,,28779290,46,WH,75.426,CL_MAT,,,,,
30603374,68.551,,29665507,68,C,63.842,CL_MAT,,,,,
29706556,68.491,,30519667,81,HD,76.128,CL_MAT,,,,,
28746961,68.438,,28988876,81,HD,65.136,CL_MAT,,,,,
30225329,68.426,,30322677,78,D,66.261,CL_MAT,,,,,
28779215,68.41,,29671647,70,D,67.894,CL_MAT,,,,,
29693047,68.362,,29681359,90,HD,85.333,CL_MAT,,,,,
29901014,68.342,,30519624,90,HD,74.895,CL_MAT,,,,,
28747267,68.273,,30519659,82,HD,74.917,CL_MAT,,,,,
28628179,68.214,,29683491,82,HD,68.951,CL_MAT,,,,,
28794842,68.133,,27841979,81,HD,74.469,CL_MAT,,,,,
29695627,68.034,,26026856,0,N,58.558,CL_MAT,,,,,
30134773,67.958,,26958902,0,N,55.865,CL_MAT,,,,,
29686083,67.912,,29172810,70,C,72.395,CL_MAT,,,,,
29671647,67.894,,29706300,73,D,84.721,CL_MEC,,,,,
29970849,67.839,,29693993,75,D,74.186,CL_MEC,,,,,
27765725,67.8,,29659175,31,N,64.362,CL_MEC,,,,,
29679834,67.75,,29680220,85,WH,81.246,CL_MEC,,,,,
29707250,67.745,,30618452,82,HD,80.163,CL_MEC,,,,,
29670063,67.643,,29514800,82,HD,80.075,CL_MEC,,,,,
29646588,67.589,,28677218,85,HD,76.328,CL_MEC,,,,,
30595312,67.553,,30563925,85,HD,73.896,CL_MEC,,,,,
29329671,67.5,,29718562,85,HD,77.094,CL_MEC,,,,,
29751063,67.443,,28753984,85,HD,78.836,CL_MEC,,,,,
29700817,67.295,,30574021,71,D,72.051,CL_MEC,,,,,
29707234,67.293,,30592437,87,HD,88.667,CL_MEC,,,,,
28770757,67.269,,29042356,82,HD,76.868,CL_MEC,,,,,
28782658,67.229,,29678730,85,HD,88.42,CL_MEC,,,,,
30158427,67.212,,29637015,62,C,63.886,CL_MEC,,,,,
28338200,67.2,,29689171,80,HD,80.63,CL_MEC,,,,,
28782283,67.196,,30631874,73,D,79.513,CL_MEC,,,,,
29340306,67.167,,30644372,74,D,80.742,CL_MEC,,,,,
29688337,67.143,,29611644,68,C,60.304,CL_MEC,,,,,
27810674,67.103,,29619793,68,C,64.739,CL_MEC,,,,,
28321146,67.098,,30622670,78,D,78.174,CL_MEC,,,,,
30880262,67.025,,30587484,82,HD,80.755,CL_MEC,,,,,
28764889,67,,29721962,70,D,73.517,CL_MEC,,,,,
29544408,66.979,,29699967,81,HD,76.317,CL_MEC,,,,,
27848779,66.959,,29741564,76,D,76.933,CL_MEC,,,,,
28767381,66.955,,30591635,75,D,68.551,CL_MEC,,,,,
30605032,66.923,,30636469,76,D,68.959,CL_MEC,,,,,
29953839,66.792,,30617855,76,D,74.225,CL_MEC,,,,,
29002842,66.75,,28788133,84,HD,76.855,CL_MEC,,,,,
29986907,66.75,,28805496,80,HD,80.545,CL_MEC,,,,,
28759869,66.656,,29680050,77,D,74.551,CL_MEC,,,,,
30635624,66.641,,28531361,78,D,71.587,CL_MEC,,,,,
27842746,66.603,,29046319,66,C,69.068,CL_MEC,,,,,
29680565,66.6,,27831175,75,D,62.213,CL_MEC,,,,,
30533872,66.55,,28795628,81,HD,92.306,CL_MEC,,,,,
28822528,66.519,,29726816,80,WH,88.16,CL_MEC,,,,,
29710472,66.51,,29666147,70,D,74.724,CL_MEC,,,,,
28649117,66.489,,29711274,80,D,78.491,CL_MEC,,,,,
29545803,66.452,,28782283,78,WH,67.196,CL_MEC,,,,,
28866959,66.44,,29679281,83,HD,84.326,CL_MEC,,,,,
27947297,66.435,,29701228,75,D,69.431,CL_MEC,,,,,
31977111,66.364,,28767454,57,P,62.431,CL_MEC,,,,,
29684781,66.313,,30519306,70,C,66.227,CL_MEC,,,,,
29709539,66.305,,26949911,83,HD,77.657,CL_MEC,,,,,
30322677,66.261,,29860113,84,HD,73.933,CL_MEC,,,,,
30222354,66.25,,27848779,67,C,66.959,CL_MEC,,,,,
30519306,66.227,,28738713,83,HD,92.967,CL_MEC,,,,,
29772095,66.111,,30571057,82,HD,88.396,CL_MEC,,,,,
28739051,66.024,,28792017,73,D,80.645,CL_MEC,,,,,
28787064,66,,29729076,85,HD,83.443,CL_MEC,,,,,
27760758,65.968,,30572053,80,HD,82.837,CL_MEC,,,,,
29718015,65.884,,29737710,85,HD,78.182,CL_MEC,,,,,
29713935,65.865,,29709601,83,HD,84.27,CL_MEC,,,,,
31976085,65.714,,29687551,88,HD,84.458,CL_MEC,,,,,
30511712,65.706,,30646162,86,HD,84.313,CL_MEC,,,,,
30352746,65.681,,28779215,68,WH,68.41,CL_MEC,,,,,
29567289,65.667,,29715814,81,HD,79.291,CL_MEC,,,,,
26929880,65.597,,30584159,74,D,76.469,CL_MEC,,,,,
29700876,65.453,,28815025,78,D,73.193,CL_MEC,,,,,
27820610,65.419,,30618886,68,C,73.688,CL_MEC,,,,,
28790812,65.383,,29823048,82,HD,80.476,CL_MEC,,,,,
27851664,65.362,,29872189,64,C,61.429,CL_MEC,,,,,
29690730,65.345,,30508509,56,P,64.351,CL_MEC,,,,,
27797791,65.324,,28747208,66,C,77.552,CL_MEC,,,,,
26774771,65.308,,29675359,68,C,73.818,CL_MEC,,,,,
28388747,65.304,,29718457,67,C,78.429,CL_MEC,,,,,
29659876,65.151,,29709539,33,N,66.305,CL_MEC,,,,,
28988876,65.136,,28820517,33,N,73.623,CL_MEC,,,,,
29800390,65.044,,29726522,31,N,78.469,CL_MEC,,,,,
29616867,65.043,,29708087,78,D,76.565,CL_MEC,,,,,
29490278,64.941,,28796721,82,HD,83.677,CL_MEC,,,,,
26883562,64.929,,28778634,76,D,75.015,CL_MEC,,,,,
29724589,64.913,,29953839,68,C,66.792,CL_MEC,,,,,
27876268,64.912,,28777212,80,HD,87.969,CL_MEC,,,,,
30632404,64.795,,28792882,80,HD,80.528,CL_MEC,,,,,
29262399,64.789,,24157198,84,HD,70.781,CL_MEC,,,,,
29619793,64.739,,29676479,84,HD,82.431,CL_MEC,,,,,
30571901,64.722,,28788052,74,D,72.5,CL_MEC,,,,,
29659175,64.362,,29718201,32,N,72.464,CL_MEC,,,,,
30508509,64.351,,30585074,77,D,79,CL_MEC,,,,,
25126989,64.2,,29731046,70,D,78.304,CL_MEC,,,,,
27801160,64.156,,28805976,70,D,63.767,CL_MEC,,,,,
28281535,64.151,,28760387,70,D,77.92,CL_MEC,,,,,
29637015,63.886,,28761294,75,D,79.242,CL_MEC,,,,,
30060117,63.884,,29658357,75,D,72,CL_MEC,,,,,
29665507,63.842,,30519691,83,HD,75.762,CL_MEC,,,,,
29068606,63.8,,25150928,26,N,51.213,CL_MEC,,,,,
28431464,63.778,,29699088,82,HD,70.083,CL_MEC,,,,,
28805976,63.767,,29088755,45,N,55.431,CL_MEC,,,,,
29701503,63.724,,28312678,48,N,55.238,CL_MEC,,,,,
29667844,63.673,,29712084,74,D,81.433,CL_MEC,,,,,
28761588,63.657,,29696291,74,D,70.545,CL_MEC,,,,,
30063493,63.645,,30584868,74,D,80.479,CL_MEC,,,,,
29485479,63.6,,29681626,74,D,72.2,CL_MEC,,,,,
28894162,63.5,,29693047,74,D,68.362,CL_MEC,,,,,
29438330,63.463,,29748623,90,HD,80.397,CL_MEC,,,,,
28805070,63.406,,30609844,87,HD,87.531,CL_MEC,,,,,
29714575,63.339,,30619785,90,HD,85.653,CL_MEC,,,,,
29747171,63.26,,30658896,78,D,73.547,CL_MEC,,,,,
31874630,63.25,,25126989,80,HD,64.2,CL_MEC,,,,,
29702372,63.214,,30069548,72,D,71.355,CL_MEC,,,,,
27591972,63.077,,29703727,75,D,63.047,CL_MEC,,,,,
29703727,63.047,,29679834,34,N,67.75,CL_MEC,,,,,
31975968,63,,29706629,78,D,80.097,CL_MEC,,,,,
26930390,62.947,,30623448,78,D,78.521,CL_MEC,,,,,
29077141,62.92,,28767381,71,D,66.955,CL_MEC,,,,,
29484421,62.804,,30595320,76,D,69.886,CL_MEC,,,,,
28760921,62.485,,29665760,76,D,73.639,CL_MEC,,,,,
29696585,62.463,,27797791,73,D,65.324,CL_MEC,,,,,
30608651,62.432,,28798198,73,D,71.208,CL_MEC,,,,,
28767454,62.431,,28802926,80,HD,77.828,CL_MEC,,,,,
28765362,62.343,,25948377,72,D,49.446,CL_MEC,,,,,
27831175,62.213,,29683750,72,D,60.3,CL_MEC,,,,,
26905507,62.17,,30603374,77,D,68.551,CL_MEC,,,,,
29409071,62.094,,30509955,82,HD,72.818,CL_MEC,,,,,
29015804,62.019,,28123832,34,N,50.2,CL_MEC,,,,,
28808223,61.78,,28794354,84,HD,75.565,CL_MEC,,,,,
30421187,61.75,,29687675,82,HD,86.4,CL_MEC,,,,,
28682297,61.744,,30626072,81,HD,79.486,CL_MEC,,,,,
29427193,61.563,,30614104,86,HD,81.761,CL_MEC,,,,,
30437202,61.535,,29744245,80,HD,78.194,CL_MEC,,,,,
28805461,61.493,,28299345,77,WH,74.444,CL_MEC,,,,,
29872189,61.429,,28816765,78,D,73.6,CL_MEC,,,,,
26826526,61.32,,31932053,81,HD,84.216,CL_MEC,,,,,
28760360,61.288,,30602955,78,D,82.936,CL_MEC,,,,,
27829901,61.286,,27791939,78,D,74.746,CL_MEC,,,,,
26887711,61.145,,30294126,81,HD,74.286,CL_MEC,,,,,
29677807,61.125,,28752759,84,HD,78.475,CL_MEC,,,,,
28756983,61.059,,29807395,75,D,78.386,CL_MEC,,,,,
29146895,60.972,,29738814,73,D,69.289,CL_MEC,,,,,
28717201,60.769,,30615267,80,WH,76,CL_MEC,,,,,
28611853,60.66,,30635802,80,D,78.267,CL_MEC,,,,,
29611644,60.304,,27847020,80,HD,57.074,CL_MEC,,,,,
29683750,60.3,,28822528,80,HD,66.519,CL_MEC,,,,,
29688868,60.117,,30619769,80,HD,78.179,CL_MEC,,,,,
27722422,59.966,,29714575,74,WH,63.339,CL_MEC,,,,,
27797619,59.783,,29709989,82,HD,74.158,CL_MEC,,,,,
30481791,59.757,,30629004,79,WH,81.05,CL_MEC,,,,,
26007436,59.587,,28338200,68,C,67.2,CL_MEC,,,,,
28296435,59.16,,29690757,63,WH,68.688,CL_MEC,,,,,
29397510,59.136,,28781392,80,HD,73.556,CL_MEC,,,,,
28316932,58.875,,26887711,81,HD,61.145,CL_MEC,,,,,
29561280,58.755,,29687055,29,N,55.051,CL_MEC,,,,,
30625505,58.718,,28755960,78,D,75.283,CL_MEC,,,,,
29760976,58.583,,29695171,78,D,72.03,CL_MEC,,,,,
28900200,58.574,,29698170,72,D,76.051,CL_MEC,,,,,
26026856,58.558,,29686350,72,D,80.881,CL_MEC,,,,,
27834654,58.149,,29719364,83,HD,84.738,CL_MEC,,,,,
26629925,58.143,,30616549,83,HD,71.205,CL_MEC,,,,,
27810518,58.096,,27842746,73,D,66.603,CL_MEC,,,,,
28322576,58.075,,28570669,31,N,,CL_MEC,,,,,
28767322,58.068,,28748123,87,HD,73.029,CL_MEC,,,,,
30769221,57.75,,29800390,73,D,65.044,CL_MEC,,,,,
28765613,57.596,,29646588,78,D,67.589,CL_MEC,,,,,
28794117,57.088,,30614775,82,HD,69.977,CL_MEC,,,,,
27847020,57.074,,28309731,61,C,56.152,CL_MEC,,,,,
26028506,56.716,,30629543,84,HD,83.776,CL_MEC,,,,,
28783204,56.537,,28753410,84,HD,76.737,CL_MEC,,,,,
29465915,56.167,,29700876,65,C,65.453,CL_MEC,,,,,
28309731,56.152,,26028506,58,P,56.716,CL_MEC,,,,,
26958902,55.865,,29688272,75,D,73.464,CL_MEC,,,,,
28692764,55.727,,29452996,68,C,72.107,CL_MEC,,,,,
29088755,55.431,,30645441,85,HD,73.88,CL_MEC,,,,,
28759583,55.417,,26826526,70,D,61.32,CL_MEC,,,,,
28993357,55.278,,28745477,81,HD,74.82,CL_MEC,,,,,
28312678,55.238,,28760360,87,WH,61.288,CL_MEC,,,,,
29687055,55.051,,30437202,68,C,61.535,CL_MEC,,,,,
28051246,54.654,,30060117,85,HD,63.884,CL_MEC,,,,,
27826473,54.574,,30619572,78,D,84.275,CL_MEC,,,,,
28939875,54.359,,30593638,83,HD,81.762,CL_MEC,,,,,
28989694,54.194,,27501116,76,D,45.958,CL_MEC,,,,,
28263669,54.116,,32186754,84,HD,72.84,CL_MEC,,,,,
29109450,52.255,,29696585,80,HD,62.463,CL_MEC,,,,,
25150928,51.213,,29690722,81,HD,76.712,CL_MEC,,,,,
28123832,50.2,,28801725,86,HD,77.923,CL_MEC,,,,,
27145069,50.089,,29689201,81,HD,68.917,CL_MEC,,,,,
25948377,49.446,,28780817,78,D,78.792,CL_MEC,,,,,
27501116,45.958,,29687632,77,D,71.365,CL_MEC,,,,,
29938104,86.51,,30625645,78,D,71.853,CL_MEC,,,,,
29801303,85.24,,29800773,74,D,72.404,MA_CHE,,,,,
29797292,85.24,,29248442,71,D,67.519,MA_CHE,,,,,
29798639,84.92,,28901363,72,D,72.607,MA_CHE,,,,,
29801176,84.449,,28250427,68,C,58.258,MA_CHE,,,,,
29938422,84.184,,29336244,71,D,70,MA_CHE,,,,,
29939402,83.54,,29938600,70,C,64.028,MA_CHE,,,,,
29939062,83.42,,30536863,75,D,75.5,MA_CIV,,,,,
30081920,82.981,,29889405,72,D,59.022,MA_CIV,,,,,
29797438,82.88,,30556058,68,C,67.19,MA_CIV,,,,,
29937892,82.083,,30486424,70,D,71.878,MA_CIV,,,,,
30112427,81.857,,30226880,80,HD,75.583,MA_CIV,,,,,
29797454,81.56,,30751799,81,HD,77.563,MA_CIV,,,,,
29798418,80.36,,30125863,68,C,69.122,MA_CIV,,,,,
30962129,80.024,,29389712,66,C,64.107,MA_CIV,,,,,
29938287,79.94,,30764041,68,C,64.375,MA_CIV,,,,,
29940974,79.939,,29937892,80,HD,82.083,MA_CIV,,,,,
29654270,78.9,,30228174,76,D,76,MA_CIV,,,,,
29940826,78.563,,30666457,78,D,71.125,MA_CIV,,,,,
29931290,78.366,,29959349,71,D,73.604,MA_CIV,,,,,
29939712,78.08,,29655137,78,D,76.836,MA_CIV,,,,,
29797594,77.62,,30769280,83,HD,74.974,MA_CIV,,,,,
30751799,77.563,,30221854,73,D,65.611,MA_CIV,,,,,
29939216,77.48,,29035996,78,D,60.269,MA_CIV,,,,,
29797780,77.25,,29798973,74,D,73.771,MA_CIV,,,,,
30327318,77.208,,29797411,78,D,68.714,MA_CIV,,,,,
29937841,76.979,,29615305,82,HD,76.583,MA_CIV,,,,,
30272998,76.84,,29801257,75,D,71.042,MA_CIV,,,,,
29655137,76.836,,30032679,78,D,67.964,MA_CIV,,,,,
29941156,76.82,,30112427,76,D,81.857,MA_CIV,,,,,
29615305,76.583,,29798981,72,D,67.5,MA_CIV,,,,,
30228174,76,,29275725,71,D,61.231,MA_CIV,,,,,
29801192,75.653,,29654769,74,D,64.965,MA_CIV,,,,,
30226880,75.583,,29940826,75,D,78.563,MA_CIV,,,,,
29799058,75.52,,29939909,80,D,67.935,MA_CIV,,,,,
30536863,75.5,,29937841,83,HD,76.979,MA_CIV,,,,,
29801117,75.204,,29797837,77,D,71.059,MA_CIV,,,,,
30769280,74.974,,30218403,75,D,66.566,MA_CIV,,,,,
29798612,74.94,,29797780,76,D,77.25,MA_CIV,,,,,
29940079,74.76,,29350611,75,D,69.922,MA_CIV,,,,,
29797128,74.58,,28900944,76,D,63.2,MA_CIV,,,,,
29801052,74.354,,29889480,71,WH,55.227,MA_CIV,,,,,
29938937,74.24,,29210364,78,D,70.528,MA_CIV,,,,,
29800625,74.18,,30762235,82,HD,73.271,MA_CIV,,,,,
29941733,74.08,,27467007,30,N,53.492,MA_CIV,,,,,
29800811,73.95,,30501652,70,C,61.957,MA_ECE,,,,,
29799317,73.918,,30046173,74,D,63.759,MA_ECE,,,,,
30695910,73.88,,27466884,60,WH,54.317,MA_ECE,,,,,
30673305,73.88,,29339758,50,P,65.309,MA_ECE,,,,,
29798973,73.771,,29801117,80,HD,75.204,MA_ECE,,,,,
29959349,73.604,,29798825,71,D,67.805,MA_ECE,,,,,
29798345,73.408,,28583310,58,P,59.661,MA_ECE,,,,,
30762235,73.271,,30501245,76,D,71.087,MA_ECE,,,,,
28901363,72.607,,29940974,80,D,79.939,MA_ECE,,,,,
29800773,72.404,,28252209,24,N,56.356,MA_ECE,,,,,
29940729,72.38,,29798345,84,HD,73.408,MA_ECE,,,,,
29796784,72.32,,29889464,68,C,62.938,MA_ECE,,,,,
30663407,72.14,,29798604,72,D,66.429,MA_ECE,,,,,
29938996,72.13,,30227984,78,D,71.36,MA_ECE,,,,,
30506123,71.959,,29798663,68,WH,69.733,MA_ECE,,,,,
30486424,71.878,,30327318,81,HD,77.208,MA_ECE,,,,,
30093295,71.828,,30962129,76,D,80.024,MA_MEC,,,,,
29800080,71.78,,30372151,68,C,68.588,MA_MEC,,,,,
30688485,71.76,,29799120,66,C,64.938,MA_MEC,,,,,
30227984,71.36,,29904617,0,N,58.281,MA_MEC,,,,,
30666457,71.125,,30093295,80,HD,71.828,MA_MEC,,,,,
30501245,71.087,,29941156,78,D,76.82,MA_MEC,,,,,
29797837,71.059,,30220084,77,D,70.754,MA_MEC,,,,,
29801257,71.042,,30272998,77,D,76.84,MA_MEC,,,,,
29796849,70.83,,29938996,80,HD,72.13,MA_MEC,,,,,
29800250,70.8,,30285615,74,D,65.776,MA_MEC,,,,,
30220084,70.754,,30333164,76,D,67.94,MA_MEC,,,,,
29210364,70.528,,29799384,78,D,69.854,MA_MEC,,,,,
29798647,70.065,,30335574,77,D,63.5,MA_MEC,,,,,
29336244,70,,26420627,0,N,50.853,MA_MEC,,,,,
29796660,69.94,,29939062,84,HD,83.42,MA_MEC,,,,,
29350611,69.922,,29938953,68,C,63.128,MA_MEC,,,,,
29799384,69.854,,30673305,80,HD,73.88,MA_MEC,,,,,
30759218,69.8,,29797594,76,D,77.62,MA_MEC,,,,,
29798663,69.733,,29910641,68,WH,59.082,MA_MEC,,,,,
30125863,69.122,,29654270,78,D,78.9,MA_MEC,,,,,
29797411,68.714,,30368707,70,D,62.313,MA_MEC,,,,,
30372151,68.588,,29940079,75,D,74.76,MA_MEC,,,,,
26597527,68.333,,29889499,72,D,57.231,MA_MEC,,,,,
28900227,68.018,,29798418,83,HD,80.36,MA_MEC,,,,,
30032679,67.964,,29798612,78,D,74.94,MA_MEC,,,,,
30333164,67.94,,30081920,78,D,82.981,MA_MEC,,,,,
29939909,67.935,,30304806,70,D,63.918,MA_MEC,,,,,
29798825,67.805,,29959314,72,D,62.095,MA_MEC,,,,,
29248442,67.519,,29938287,78,D,79.94,MA_MEC,,,,,
29798981,67.5,,29797438,83,HD,82.88,MA_MEC,,,,,
30556058,67.19,,27372030,60,WH,53.543,MA_MEC,,,,,
29938384,66.959,,30113288,77,D,61.667,MA_MEC,,,,,
28900960,66.949,,29436141,68,WH,57.922,MA_MEC,,,,,
29799783,66.7,,29801192,78,D,75.653,MA_MEC,,,,,
30218403,66.566,,29941733,77,D,74.08,MA_MEC,,,,,
29798604,66.429,,29797128,74,D,74.58,MA_MEC,,,,,
29392489,65.781,,29939216,78,D,77.48,MA_MEC,,,,,
30285615,65.776,,29800625,78,D,74.18,MA_MEC,,,,,
30221854,65.611,,29800811,80,HD,73.95,MA_MEC,,,,,
30368839,65.611,,28326253,73,D,59.016,MA_MEC,,,,,
29339758,65.309,,29799317,82,HD,73.918,MA_MEC,,,,,
29654769,64.965,,29800250,77,D,70.8,MA_MEC,,,,,
30362768,64.944,,29938384,77,D,66.959,MA_TRC,,,,,
29799120,64.938,,30324025,77,D,63.486,MA_TRC,,,,,
30764041,64.375,,29920086,70,WH,59.48,MA_TRC,,,,,
29389712,64.107,,29799783,82,HD,66.7,MA_TRC,,,,,
30368480,64.105,,29798647,80,D,70.065,MA_TRC,,,,,
29938600,64.028,,29931290,72,D,78.366,MA_TRC,,,,,
30304806,63.918,,29798639,83,HD,84.92,MA_TRC,,,,,
30368510,63.895,,29796660,75,D,69.94,MA_TRC,,,,,
30046173,63.759,,30695791,73,D,60.521,MA_TRC,,,,,
30335574,63.5,,30368510,72,D,63.895,MA_TRC,,,,,
30324025,63.486,,28900227,75,D,68.018,MA_TRC,,,,,
28900944,63.2,,29796849,83,HD,70.83,MA_TRC,,,,,
29938953,63.128,,29797292,82,HD,85.24,MA_TRC,,,,,
29889464,62.938,,29799058,81,HD,75.52,MA_TRC,,,,,
30368707,62.313,,30362768,72,D,64.944,MA_TRC,,,,,
29959314,62.095,,29938422,82,HD,84.184,MA_TRC,,,,,
30501652,61.957,,29939402,82,HD,83.54,MA_TRC,,,,,
30113288,61.667,,29797454,81,HD,81.56,MA_TRC,,,,,
29275725,61.231,,29940729,80,HD,72.38,MA_TRC,,,,,
30695791,60.521,,29796784,76,WH,72.32,MA_TRC,,,,,
29035996,60.269,,30368480,74,D,64.105,MA_TRC,,,,,
28583310,59.661,,29938937,72,D,74.24,MA_TRC,,,,,
29920086,59.48,,29801052,78,D,74.354,MA_TRC,,,,,
29910641,59.082,,26597527,70,D,68.333,MA_TRC,,,,,
29889405,59.022,,30695910,82,HD,73.88,MA_TRC,,,,,
28326253,59.016,,30368839,66,C,65.611,MA_TRC,,,,,
29904617,58.281,,29800080,80,HD,71.78,MA_TRC,,,,,
28250427,58.258,,29939712,86,HD,78.08,MA_TRC,,,,,
29436141,57.922,,30663407,85,HD,72.14,MA_TRC,,,,,
29889499,57.231,,29801176,82,HD,84.449,MA_TRC,,,,,
28252209,56.356,,30506123,80,HD,71.959,MA_TRC,,,,,
29889480,55.227,,29938104,90,HD,86.51,MA_TRC,,,,,
27466884,54.317,,30688485,76,D,71.76,MA_TRC,,,,,
27372030,53.543,,29801303,81,HD,85.24,MA_TRC,,,,,
27467007,53.492,,29392489,70,D,65.781,MA_TRC,,,,,
26420627,50.853,,28900960,67,C,66.949,MA_TRC,,,,,
28772016,91.35,,30759218,77,D,69.8,MA_TRC,,,,,
29701120,90.821,,,,,,,,,,,
29295726,88.759,,,,,,,,,,,
27793583,84.774,,,,,,,,,,,
30880335,83.75,,,,,,,,,,,
29678064,83.143,,,,,,,,,,,
28800753,82.045,,,,,,,,,,,
27883183,80.509,,,,,,,,,,,
29284597,80.5,,,,,,,,,,,
29698049,80.321,,,,,,,,,,,
28762002,79.917,,,,,,,,,,,
27765709,79.702,,,,,,,,,,,
30876621,79.563,,,,,,,,,,,
26887231,79.296,,,,,,,,,,,
27837408,79.087,,,,,,,,,,,
31977340,78.938,,,,,,,,,,,
31573681,78.088,,,,,,,,,,,
30159148,77.8,,,,,,,,,,,
29700515,77.596,,,,,,,,,,,
30657962,76.622,,,,,,,,,,,
29725062,76.288,,,,,,,,,,,
28895401,75.944,,,,,,,,,,,
28756185,75.529,,,,,,,,,,,
29707749,74.698,,,,,,,,,,,
29703735,74.618,,,,,,,,,,,
27800466,74.235,,,,,,,,,,,
28791916,74.176,,,,,,,,,,,
31983162,74.129,,,,,,,,,,,
29927218,73.981,,,,,,,,,,,
29200598,73.75,,,,,,,,,,,
28782941,73.645,,,,,,,,,,,
31979033,73.613,,,,,,,,,,,
28746171,73.523,,,,,,,,,,,
26903822,73.489,,,,,,,,,,,
29170613,73.35,,,,,,,,,,,
28723872,72.724,,,,,,,,,,,
26953633,72.613,,,,,,,,,,,
29720834,72.509,,,,,,,,,,,
28747771,72.286,,,,,,,,,,,
28419847,72.173,,,,,,,,,,,
29607507,71.98,,,,,,,,,,,
27537285,71.622,,,,,,,,,,,
28895355,71.406,,,,,,,,,,,
27795551,70.824,,,,,,,,,,,
31977227,70.563,,,,,,,,,,,
29930049,70.5,,,,,,,,,,,
27722597,70.475,,,,,,,,,,,
29609232,70.455,,,,,,,,,,,
29678447,70.07,,,,,,,,,,,
29747147,70.049,,,,,,,,,,,
29917948,69.614,,,,,,,,,,,
28769899,69.135,,,,,,,,,,,
28970608,68.377,,,,,,,,,,,
29716225,68.369,,,,,,,,,,,
29170656,68.333,,,,,,,,,,,
29224098,68.093,,,,,,,,,,,
28789164,67.87,,,,,,,,,,,
28816757,67.646,,,,,,,,,,,
28758854,67.347,,,,,,,,,,,
29067154,67.326,,,,,,,,,,,
29137268,67.098,,,,,,,,,,,
28741552,66.986,,,,,,,,,,,
31977804,66.813,,,,,,,,,,,
29758475,66.717,,,,,,,,,,,
28747844,66.603,,,,,,,,,,,
29697859,66.41,,,,,,,,,,,
27804852,66.391,,,,,,,,,,,
29769655,66.333,,,,,,,,,,,
28690303,65.923,,,,,,,,,,,
26919427,65.831,,,,,,,,,,,
28478460,65.771,,,,,,,,,,,
29628407,65.724,,,,,,,,,,,
28783085,65.597,,,,,,,,,,,
27820262,65.586,,,,,,,,,,,
29665124,65.357,,,,,,,,,,,
28478681,65.222,,,,,,,,,,,
28770706,65.177,,,,,,,,,,,
28756908,64.557,,,,,,,,,,,
27561992,64.479,,,,,,,,,,,
29625491,64.444,,,,,,,,,,,
31983111,64.161,,,,,,,,,,,
30048559,64.083,,,,,,,,,,,
29160995,63.608,,,,,,,,,,,
29788617,63.438,,,,,,,,,,,
28339908,63.262,,,,,,,,,,,
31334334,62.625,,,,,,,,,,,
27347877,61.585,,,,,,,,,,,
28331591,61.32,,,,,,,,,,,
29388724,61,,,,,,,,,,,
29298903,60.3,,,,,,,,,,,
27818845,60.139,,,,,,,,,,,
28129288,59.692,,,,,,,,,,,
27161471,59.642,,,,,,,,,,,
27994740,58.606,,,,,,,,,,,
29930154,58.257,,,,,,,,,,,
28787706,58.226,,,,,,,,,,,
25940317,58.092,,,,,,,,,,,
28133641,57.617,,,,,,,,,,,
28882571,57.318,,,,,,,,,,,
24212784,55.775,,,,,,,,,,,
27818152,54.583,,,,,,,,,,,
26545551,52.559,,,,,,,,,,,
27900665,46.058,,,,,,,,,,,
30125944,90.534,,,,,,,,,,,
30067294,85.862,,,,,,,,,,,
29981484,84.776,,,,,,,,,,,
30276845,83.138,,,,,,,,,,,
30051207,82.621,,,,,,,,,,,
30233437,81.58,,,,,,,,,,,
30107105,81.517,,,,,,,,,,,
29273781,81.474,,,,,,,,,,,
30031990,81.345,,,,,,,,,,,
29276497,81.138,,,,,,,,,,,
30032032,81.121,,,,,,,,,,,
29939593,80.857,,,,,,,,,,,
29275261,80.259,,,,,,,,,,,
29275660,79.93,,,,,,,,,,,
30061636,79.655,,,,,,,,,,,
30304385,79.603,,,,,,,,,,,
30219469,79.431,,,,,,,,,,,
29938554,79.091,,,,,,,,,,,
29273846,78.931,,,,,,,,,,,
30096448,78.914,,,,,,,,,,,
29815584,78.828,,,,,,,,,,,
30222400,78.724,,,,,,,,,,,
29145163,78.655,,,,,,,,,,,
30376181,78.32,,,,,,,,,,,
29274818,78.228,,,,,,,,,,,
30219493,78.172,,,,,,,,,,,
30157560,78.16,,,,,,,,,,,
29274605,78.158,,,,,,,,,,,
29951062,78.146,,,,,,,,,,,
29931886,77.966,,,,,,,,,,,
30109531,77.828,,,,,,,,,,,
30526388,77.653,,,,,,,,,,,
29799996,77.636,,,,,,,,,,,
29543215,77.431,,,,,,,,,,,
30526337,77.408,,,,,,,,,,,
30199891,77.397,,,,,,,,,,,
30128161,77.121,,,,,,,,,,,
29610125,77.017,,,,,,,,,,,
30242339,77,,,,,,,,,,,
30099412,76.948,,,,,,,,,,,
30524164,76.6,,,,,,,,,,,
29619246,76.5,,,,,,,,,,,
29797160,76.2,,,,,,,,,,,
29800307,76.18,,,,,,,,,,,
30698251,76.18,,,,,,,,,,,
29939739,75.833,,,,,,,,,,,
30221722,75.793,,,,,,,,,,,
29275040,75.5,,,,,,,,,,,
30071739,75.052,,,,,,,,,,,
30554187,75.02,,,,,,,,,,,
30239915,74.96,,,,,,,,,,,
30238714,74.931,,,,,,,,,,,
30233224,74.826,,,,,,,,,,,
29274486,74.786,,,,,,,,,,,
29799775,74.771,,,,,,,,,,,
29941547,74.771,,,,,,,,,,,
30236703,74.7,,,,,,,,,,,
29273870,74.569,,,,,,,,,,,
30103029,74.48,,,,,,,,,,,
30307759,74.35,,,,,,,,,,,
29276454,74.241,,,,,,,,,,,
29276152,74.138,,,,,,,,,,,
29894859,74.017,,,,,,,,,,,
29939275,73.796,,,,,,,,,,,
30769132,73.65,,,,,,,,,,,
30219477,73.609,,,,,,,,,,,
30368715,73.5,,,,,,,,,,,
29558603,72.915,,,,,,,,,,,
30133556,72.897,,,,,,,,,,,
30219957,72.879,,,,,,,,,,,
30236843,72.776,,,,,,,,,,,
30304393,72.648,,,,,,,,,,,
29274214,72.509,,,,,,,,,,,
29921414,72.5,,,,,,,,,,,
29275849,72.415,,,,,,,,,,,
29912482,72.16,,,,,,,,,,,
29977924,72.06,,,,,,,,,,,
30516277,72.049,,,,,,,,,,,
29274761,71.86,,,,,,,,,,,
29274206,71.418,,,,,,,,,,,
30547857,71.306,,,,,,,,,,,
29797500,71.3,,,,,,,,,,,
29810914,71.259,,,,,,,,,,,
30114063,71.19,,,,,,,,,,,
29428076,71.161,,,,,,,,,,,
29938325,71.021,,,,,,,,,,,
29878209,71.017,,,,,,,,,,,
29273587,70.983,,,,,,,,,,,
30258669,70.965,,,,,,,,,,,
29940583,70.939,,,,,,,,,,,
30065283,70.889,,,,,,,,,,,
29038537,70.672,,,,,,,,,,,
29796520,70.306,,,,,,,,,,,
29336244,70,,,,,,,,,,,
29989698,69.787,,,,,,,,,,,
30292956,69.74,,,,,,,,,,,
29998506,69.538,,,,,,,,,,,
30755344,69.51,,,,,,,,,,,
29956617,69.436,,,,,,,,,,,
30030331,69.414,,,,,,,,,,,
29275512,69.288,,,,,,,,,,,
29982618,69.283,,,,,,,,,,,
30524172,69.14,,,,,,,,,,,
29274885,68.709,,,,,,,,,,,
28325842,68.211,,,,,,,,,,,
29867797,68.158,,,,,,,,,,,
28025504,68.083,,,,,,,,,,,
30428831,67.977,,,,,,,,,,,
28062132,67.492,,,,,,,,,,,
30230527,66.909,,,,,,,,,,,
29800498,66.87,,,,,,,,,,,
30136121,66.722,,,,,,,,,,,
29382289,65.679,,,,,,,,,,,
29889375,65.6,,,,,,,,,,,
29264057,65.302,,,,,,,,,,,
29488141,65.031,,,,,,,,,,,
29250749,64.872,,,,,,,,,,,
30080665,64.529,,,,,,,,,,,
29655048,64.34,,,,,,,,,,,
29544726,64.315,,,,,,,,,,,
29047897,64.162,,,,,,,,,,,
28099974,63.91,,,,,,,,,,,
28328345,63.829,,,,,,,,,,,
29389704,63.638,,,,,,,,,,,
28436741,63.246,,,,,,,,,,,
29591619,62.803,,,,,,,,,,,
30092450,61.571,,,,,,,,,,,
25873105,61.459,,,,,,,,,,,
29823765,61.339,,,,,,,,,,,
28326237,61.262,,,,,,,,,,,
28389719,61.103,,,,,,,,,,,
29491622,60.96,,,,,,,,,,,
28134273,60.583,,,,,,,,,,,
28327322,60.544,,,,,,,,,,,
28413229,60.52,,,,,,,,,,,
29894220,60.5,,,,,,,,,,,
29444004,60.02,,,,,,,,,,,
29612969,59.922,,,,,,,,,,,
28902300,59.286,,,,,,,,,,,
28372514,58.465,,,,,,,,,,,
29491452,57.818,,,,,,,,,,,
27461688,54.38,,,,,,,,,,,